{"cameraMode":{"drawMode":0,"name":"Shaded","section":"Shading Mode"},"sceneLighting":true,"audioPlay":false,"sceneViewState":{"showFog":true,"showMaterialUpdate":false,"showSkybox":true,"showFlares":true,"showImageEffects":true,"showParticleSystems":true},"in2DMode":false,"pivot":{"x":509.4010009765625,"y":201.5172576904297,"z":-3.1877899169921877},"rotation":{"x":-0.0008898256928659976,"y":0.026991596445441247,"z":0.000022925849407329224,"w":0.9996676445007324},"size":320.78912353515627,"orthographic":true}