{"cameraMode":{"drawMode":0,"name":"Shaded","section":"Shading Mode"},"sceneLighting":true,"audioPlay":false,"sceneViewState":{"showFog":true,"showMaterialUpdate":false,"showSkybox":true,"showFlares":true,"showImageEffects":true,"showParticleSystems":true},"in2DMode":false,"pivot":{"x":190.62139892578126,"y":231.4679718017578,"z":129.4874267578125},"rotation":{"x":-0.0008898256928659976,"y":0.026991596445441247,"z":0.000022925849407329224,"w":0.9996676445007324},"size":358.312255859375,"orthographic":true}