{"cameraMode":{"drawMode":0,"name":"Shaded","section":"Shading Mode"},"sceneLighting":true,"audioPlay":false,"sceneViewState":{"showFog":true,"showMaterialUpdate":false,"showSkybox":true,"showFlares":true,"showImageEffects":true,"showParticleSystems":true},"in2DMode":false,"pivot":{"x":-9.225871086120606,"y":1.9221727848052979,"z":1.5276544094085694},"rotation":{"x":-0.02333776280283928,"y":-0.6327782869338989,"z":-0.018383869901299478,"w":0.7742021083831787},"size":5.16400671005249,"orthographic":false}