{"cameraMode":{"drawMode":0,"name":"Shaded","section":"Shading Mode"},"sceneLighting":true,"audioPlay":false,"sceneViewState":{"showFog":true,"showMaterialUpdate":false,"showSkybox":true,"showFlares":true,"showImageEffects":true,"showParticleSystems":true},"in2DMode":false,"pivot":{"x":2.8475046157836916,"y":0.47691547870635989,"z":0.6865452527999878},"rotation":{"x":0.016554836183786393,"y":-0.9578390717506409,"z":0.056386660784482959,"w":0.28124675154685976},"size":0.9640066027641296,"orthographic":false}